{"cameraMode":{"drawMode":0,"name":"Shaded","section":"Shading Mode"},"sceneLighting":false,"audioPlay":false,"sceneViewState":{"showFog":true,"showMaterialUpdate":false,"showSkybox":true,"showFlares":true,"showImageEffects":true,"showParticleSystems":true},"in2DMode":false,"pivot":{"x":-0.1582118719816208,"y":0.562610924243927,"z":0.22534173727035523},"rotation":{"x":-0.1557549089193344,"y":0.828778088092804,"z":-0.45741236209869387,"w":-0.2822102904319763},"size":12.153246879577637,"orthographic":false}